title,authors,journal,date,abstract,link,source
Dependence of energy balance and hypothalamic neuropeptide gene expression on initial tumor load in mice.,"Licursi Maria, Morden Caleb, Riwa Deogratias G",Frontiers in oncology,2026-06-04,"Animal models of cancer anorexia/cachexia are instrumental in investigating the underlying mechanisms. However, even among reports on the same cancer model, experimental procedures can vary, hindering the comparisons between studies. To determine the impact of the number of implanted cancer cells on experimental outcomes, we directly compared tumor-bearing (TB) mice inoculated with Lewis-lung carc",https://pubmed.ncbi.nlm.nih.gov/42239891/,PubMed
Alternative 3' Polyadenylation Responses to Acute Ethanol Exposure Differ Between Drosophila Populations.,"Boateng-Sarfo George, Lee Seungjae, Lai Eric",Research square,2026-06-04,"Alternative polyadenylation is a pervasive post-transcriptional mechanism that generates mRNA isoforms with distinct 3' untranslated regions (3' UTRs), which can influence transcript stability, localization and translation. Ethanol is an environmental stressor for Drosophila melanogaster, and natural populations show distinct responses to ethanol exposure, suggesting that the genetic background ca",https://pubmed.ncbi.nlm.nih.gov/42239747/,PubMed
Optimizing C14120-based lipid nanoparticles for mRNA delivery: Editorial commentary.,"Fung Vincent, Argenti Caroline, Magaw Maggie",Molecular therapy. Nucleic acids,2026-06-04,,https://pubmed.ncbi.nlm.nih.gov/42239497/,PubMed
Expanding the toolbox: Emerging antisense oligonucleotide mechanisms for modulating gene expression.,"Trew Isabella, Wilton Steve D, Cale Jessica M",Molecular therapy. Nucleic acids,2026-06-04,"Decades of research have cemented antisense oligonucleotides (ASOs) as a cornerstone of molecular medicine. Advancements in synthesis and chemical modification, together with an improved understanding of the human genome and transcriptome, have enabled their emergence as highly specific and tailorable therapeutics across a wide variety of conditions. Although the greatest strength of ASOs lies in ",https://pubmed.ncbi.nlm.nih.gov/42239496/,PubMed
Functional Characterization of a Novel Intronic Complement Factor I Variant in Factor I Deficiency and Atypical Hemolytic Uremic Syndrome.,"Nagy Simon Péter, Dobner Sarolta, Szumutku Fanni",Kidney international reports,2026-06-04,"The role of noncanonical intronic splice site variants in atypical hemolytic uremic syndrome (aHUS) cases without identified pathogenic variants has long been postulated. We previously identified a novel intronic variant (c.328+42G>A) in the complement factor I ( After screening our genetic registry for patients with potential FI-driven pathologies, the identified c.328+42G>A carriers and their fa",https://pubmed.ncbi.nlm.nih.gov/42239491/,PubMed
Mesenchymal-derived neural progenitors underlie local ,"Diwedi Bidhi, Neog Anindita, Baanannou Aissette",bioRxiv : the preprint server for biology,2026-06-04,"In humans, retinal-neuron death, optic-nerve injuries, and associated neurodegenerative diseases, such as glaucoma and age-related macular degeneration, often lead to permanent vision loss. While the capacity for regeneration is low in the human nervous system, including the retina, some non-mammalian vertebrate species, including zebrafish, are capable of endogenous neuronal regeneration after in",https://pubmed.ncbi.nlm.nih.gov/42239431/,PubMed
FTO separation-of-function mutations alter m ,"Abeyrathne Eluwawalage Kasun Dilshan, Shimanski Brittany, Warminski Marcin",bioRxiv : the preprint server for biology,2026-06-04,The RNA demethylase FTO erases N6-methyladenosine (m ,https://pubmed.ncbi.nlm.nih.gov/42239405/,PubMed
Direct RNA Sequencing reveals epitranscriptomic regulation of brain cells and Alzheimer's Disease pathology.,"Byrne Ashley, Hoover Jonathan, Lund Jessica",bioRxiv : the preprint server for biology,2026-06-04,"Alternative mRNA splicing and post-transcriptional RNA modification are key mechanisms that regulate transcript function; however, their role in neuronal activity and neurodegenerative disease remains poorly defined. In this study, we evaluated two nanopore-based long-read sequencing (LR-seq) formats: cDNA-PCR sequencing (CPS) and direct RNA sequencing (DRS). We then applied DRS to profile both fu",https://pubmed.ncbi.nlm.nih.gov/42239401/,PubMed
Inflammatory Stromal Aging in Ulcerative Colitis and Colitis-Associated Cancer.,"Almotah Khalil, Tran Uyen, Gilbert Haylee",bioRxiv : the preprint server for biology,2026-06-04,"Ulcerative colitis is a chronic inflammatory bowel disease that can progress from dysplasia to cancer. Inflammatory responses are critical drivers in this process, typically triggered by epithelial lesions and the ensuing infiltration of microbiota into the interstitial layer. Here, we focus on the pro-inflammatory state of the interstitial fibroblasts, which promotes immune infiltration and augme",https://pubmed.ncbi.nlm.nih.gov/42239394/,PubMed
The ,"Boswinkle Kaleb, Roehling Paige N, Narakorn Jasmine",bioRxiv : the preprint server for biology,2026-06-04,"tRNA wobble base uridines are heavily modified to influence anticodon:codon base pairing and tune the structure of the anticodon stem loop for efficient and accurate translation. Both Gram-positive and negative bacteria, as well as certain archaea, modify wobble uridines to contain either a 5-carboxymethylaminomethyl (cmnm  Transfer RNA (tRNA) molecules serve as critical components in protein synt",https://pubmed.ncbi.nlm.nih.gov/42239373/,PubMed
Multiomic State-Transitions Reveal Post-Treatment Transcriptome Desynchronization in Acute Myeloid Leukemia.,"Rangel Ambriz Jennifer, Chen Ziang, Fu Yu-Hsuan",bioRxiv : the preprint server for biology,2026-06-04,"Temporal dynamics of the peripheral blood transcriptome are crucial for understanding leukemia evolution and response to therapy because they can reveal how gene expression programs drive abnormal cell states, disease heterogeneity, and treatment resistance. Using a mathematical model of state-transitions, we studied the temporal dynamics of peripheral blood messenger RNA (mRNA) and microRNA (miRN",https://pubmed.ncbi.nlm.nih.gov/42239338/,PubMed
SnoRNA Expression and RNA 2'-O-Methylation in ,"Ye Xuan, Liu Yaling, Olson Sara",bioRxiv : the preprint server for biology,2026-06-04,Small nucleolar RNAs (snoRNAs) are a class of non-coding RNAs that play critical roles in guiding 2'-O-methylation (Nm) and pseudouridylation modifications of RNAs. In ,https://pubmed.ncbi.nlm.nih.gov/42239319/,PubMed
Argonaute-2 slicing of ,"Almodovar Nickolas, Dunn Caroline, Kleaveland Benjamin",bioRxiv : the preprint server for biology,2026-06-04,"Argonaute (AGO) proteins associate with small guide RNAs to bind and repress mRNA targets. AGO2 is the primary AGO slicer in mammals, cleaving RNAs that base-pair extensively to its guide RNA. Disrupting the slicing activity of AGO2 in mice causes neonatal lethality, however, the specific cell types and substrates that contribute to this lethality are not known. Through a combination of genetic, h",https://pubmed.ncbi.nlm.nih.gov/42239312/,PubMed
Isoform-Specific Localization Diversifies Human MSI2 Function.,"Walters Kathryn, Koertel Nadine, Baldwin Amber",bioRxiv : the preprint server for biology,2026-06-04,"Musashi-2 (MSI2) is an RNA-binding protein implicated in stem cell regulation and cancer, yet reports of its regulatory activity span translational activation, repression, and effects on mRNA stability, sometimes within the same cellular context. The basis for this diversity has remained unclear. Here, we identify alternative splicing as a determinant of MSI2 regulatory activity, acting through is",https://pubmed.ncbi.nlm.nih.gov/42239307/,PubMed
Lung surfactants as a component of lipid nanoparticles for pulmonary mRNA delivery.,"Nasr Sarah S, Tabah Owen E, Kumar Sahana",bioRxiv : the preprint server for biology,2026-06-04,"Pulmonary delivery of lipid nanoparticles (LNPs) remains an area of significant interest, given the broad range of genetic disorders that could be addressed through localized administration of therapeutic nucleic acids to the lung. In this study, we investigated how incorporation of the clinically used lung surfactant cocktail Poractant alfa affects the ",https://pubmed.ncbi.nlm.nih.gov/42239299/,PubMed
SOX9 and SEMA7A regulate cell plasticity in the postpartum mammary gland with implications for breast cancer.,"Cozzens Lauren M, Hinckley Brendan, Elder Alan M",bioRxiv : the preprint server for biology,2026-06-04,"Postpartum mammary gland involution is a coordinated process of cell death and remodeling that returns the tissue to a near pre-pregnant state following lactation and weaning. In models of postpartum breast cancer, defined as breast cancer diagnosed in women under age 45 and within 10 years of recent childbirth, involution induces durable phenotypes in breast tumor cells that promote progression a",https://pubmed.ncbi.nlm.nih.gov/42239249/,PubMed
Differential mRNA localization of karyopherin-β2 homologs in ,"Basu Ambika, Tayefeh Nora, Winkenbach Lindsay P",bioRxiv : the preprint server for biology,2026-06-04,In ,https://pubmed.ncbi.nlm.nih.gov/42239225/,PubMed
The retroelement-derived human protein PEG10 is a regulator of mRNA splicing in neurons.,"Matthews A M, Whiteley A M",bioRxiv : the preprint server for biology,2026-06-04,"Retroelements, including retrotransposons, endogenous retroviruses, and their fragments, as well as rare co-opted or domesticated retroelements, can contribute to neurodegenerative disorders and aging through modulation of gene expression and induction of neuroinflammation. Paternally Expressed Gene 10 (PEG10) is a retroelement-derived human gene that has recently been identified as a putative dri",https://pubmed.ncbi.nlm.nih.gov/42239172/,PubMed
Non-enzymatic RNA Glycation is a Metabolic Sensor of Cellular Stress.,"Knörlein Anna, Nishikawa Kaila, Kitamura Naoya",bioRxiv : the preprint server for biology,2026-06-04,"Non-enzymatic RNA modifications expand the epitranscriptome, encoding a rapid and chemistry-driven response to cellular stress. While methylglyoxal, a reactive glycolytic byproduct of metabolic stress, has been shown to modify proteins and DNA, its impact on RNA has remained unexplored. Here, we identify mRNA as a dynamic substrate of MGO, whose modification is actively regulated by DJ-1 and the g",https://pubmed.ncbi.nlm.nih.gov/42239126/,PubMed
The single nucleotide polymorphism rs1053230 modulates kynurenine 3-monooxygenase stability and is associated with cognitive and mood phenotypes.,"Collier Mary E W, Ceeney Georgia, Chiappelli Joshua",bioRxiv : the preprint server for biology,2026-06-04,"The single nucleotide polymorphism (SNP) rs1053230 within the kynurenine 3-monooxygenase (  Here we performed the first  HEK293T cells expressing KMO-Arg452 or KMO-Cys452 with a red fluorescent protein (RFP) tag produced equivalent levels of KMO mRNA, protein and enzymatic activity, and localised to mitochondria to the same extent. However, cycloheximide-mediated inhibition of protein translation ",https://pubmed.ncbi.nlm.nih.gov/42239117/,PubMed
Chitosan-Tripolyphosphate Nanoparticles Enhance Foliar dsRNA Delivery and Suppress Turnip Crinkle Virus in Arabidopsis.,"Kim Min-Jae, Kim Nam-Yeon, Jeong Rae-Dong",The plant pathology journal,2026-06-04,"Topically applied double-stranded RNA (dsRNA) can trigger antiviral RNA interference in plants, but naked dsRNA is unstable and poorly taken up after foliar application. Here, we developed an eco-friendly chitosan- tripolyphosphate (CS-TPP) nanocarrier to enhance dsRNA delivery using turnip crinkle virus (TCV) as a model and tested it in Arabidopsis thaliana. A dsRNA targeting the TCV-coat protein",https://pubmed.ncbi.nlm.nih.gov/42237611/,PubMed
RNAi targeting ABCB1-like efflux transporters improves miticide efficacy in resistant Varroa mites.,"Ricigliano Vincent A, Fine Julia D, Mueller Rebecca",Parasites & vectors,2026-06-04,"The ectoparasitic mite Varroa destructor is the gravest threat to managed honeybees, and its control relies on a limited number of chemical miticides. Among these, amitraz is widely used because of its strong efficacy against mites and relatively low toxicity to bees. However, increasing resistance to amitraz in Varroa populations threatens its long-term effectiveness. While mutations in the mite'",https://pubmed.ncbi.nlm.nih.gov/42237131/,PubMed
Natural small RNA-based defense informs engineering of host-induced gene silencing in plant disease resistance.,"Koch Benjamin L, Qi Fan, Fang Xiaodong",Current opinion in biotechnology,2026-06-04,"Host-induced gene silencing (HIGS) is a crop protection strategy that exploits RNA interference (RNAi) to silence targeted genes in invading pathogens or pests and reduce disease. Despite some successful examples of HIGS in laboratory settings, its translation into commercial agriculture has been limited. Recent discoveries demonstrating that plants deploy specific endogenous small RNAs (sRNAs) to",https://pubmed.ncbi.nlm.nih.gov/42235105/,PubMed
Bacterial domain fusion drives biomineralization innovation in ,"Wu Keke, Chen Wenyu, Fan Chenghu",mBio,2026-06-04,"Mineralized external structures have evolved independently across unicellular eukaryotes. Within the phylum  Biomineralization is a key ecological trait, yet its genomic basis in early-branching eukaryotes remains largely elusive. Here, we establish the ciliate family ",https://pubmed.ncbi.nlm.nih.gov/42233672/,PubMed
Spray-induced gene silencing for plant disease control: mechanistic basis and deployment-oriented design.,"Mannaa Mohamed, Kil Eui-Joon, Park Inmyoung",Frontiers in plant science,2026-06-04,"Spray-induced gene silencing (SIGS) is a transgene-free, biodegradable RNA-based approach for crop protection in which exogenously applied double-stranded RNA (dsRNA) is taken up and processed by plants or susceptible pathogens to drive the sequence-specific silencing of essential or virulence-associated genes. This review synthesizes advancements in transitioning SIGS from proof-of-concept to fie",https://pubmed.ncbi.nlm.nih.gov/42231891/,PubMed
EGFR-Targeted RNA-Exosome Nanoparticles Delivering Paclitaxel Suppress Colorectal Cancer via PRELP Upregulation.,"Li QingHan, Ji Yong, Zhen ZuoJun","Journal of biomedical materials research. Part B, Applied biomaterials",2026-06-04,"Targeted drug delivery remains a major challenge in the treatment of colorectal cancer (CRC), particularly in overcoming tumor immune evasion. Exosome-based nanocarriers have shown considerable promise due to their tumor-targeting capability and immunomodulatory potential. In this study, EGFR-targeted RNA-exosome composite paclitaxel (PTX) nanoparticles (RNA-Exo-PTX) were constructed and character",https://pubmed.ncbi.nlm.nih.gov/42231753/,PubMed
Integrin α6 functions as an immune recognition receptor for PirAB,"Xiao Bang, Wang Yue, Kang Fang",International journal of biological macromolecules,2026-06-04,"Acute hepatopancreatic necrosis disease (AHPND), caused by Vibrio parahaemolyticus strains harboring the virulence genes PirA and PirB (PirAB",https://pubmed.ncbi.nlm.nih.gov/42229654/,PubMed
Evolutionary conservation of heat shock proteins in Blattodea and their roles in wing morphogenesis and ovarian development of Blattella germanica.,"Shi Zengzeng, Zhang Ke, Cao Zhikuo","Comparative biochemistry and physiology. Part D, Genomics & proteomics",2026-06-04,"Heat shock proteins (Hsps) are essential molecular chaperones for protein homeostasis and stress responses. However, the Hsp repertoires and functions in Blattodea remain underexplored. Our genome-scale survey of nine Blattodea species revealed 37-46 conserved Hsp90, Hsp70, and DNAJ (Hsp40) genes, with DNAJ the most abundant and Hsp90 the least. Phylogenetic analysis confirmed the evolutionary con",https://pubmed.ncbi.nlm.nih.gov/42229281/,PubMed
The Antiviral Response in Insect Vectors: Immune Mechanisms and Implications for Disease Control.,"Kumar Vikas, Maringer Kevin, Rückert Claudia",Annual review of virology,2026-06-04,"Insect vectors use a range of antiviral responses that influence their ability to acquire, replicate, and transmit human, animal, and plant viruses. Advances in comparative genomics, systems biology, transgenic tools, and single-cell profiling have identified both conserved immune frameworks and substantial divergence in antiviral strategies across vector and nonvector insects. This review examine",https://pubmed.ncbi.nlm.nih.gov/42228874/,PubMed
Comparative evaluation of chitosan-based and star polycation nanocarriers for enhanced RNAi efficacy targeting CmFibL in Cnaphalocrocis medinalis.,"Mo Qiyao, Xie Jing, Yang Qi",Pest management science,2026-06-04,"The rice leaf folder, Cnaphalocrocis medinalis, causes substantial rice yield losses through larval leaf-rolling behavior. RNA interference (RNAi) offers a sustainable alternative, but its application in Lepidoptera is hindered by dsRNA degradation and poor cellular uptake. This study developed nanocarrier-mediated dsRNA delivery to overcome these limitations. Three nanocarriers - chitosan (CS), c",https://pubmed.ncbi.nlm.nih.gov/42226280/,PubMed
RNAi-Mediated Functional Characterization of Chorion Peroxidase as a Dual-Impact Target for Sustainable Control of ,"Ghafar Muhammad Adeel, Rensing Christopher, Ullah Farman",Journal of agricultural and food chemistry,2026-06-04,"Chorion peroxidase plays a crucial role in the hardening of insect eggshells, yet its potential as a target for pest control in ",https://pubmed.ncbi.nlm.nih.gov/42225435/,PubMed
Aggregation Pheromone (2,"Feng Mingyue, Cui Xueyuan, Li Sisi",Journal of agricultural and food chemistry,2026-06-04,"The bean flower thrips, ",https://pubmed.ncbi.nlm.nih.gov/42224504/,PubMed
Combined periodontitis GWAS identifies LINC01541 as a regulator of innate immunity in the oral mucosa.,"Richter Gesa M, Akinloye Oluwabukunmi M, Kühnlenz Tim",Human molecular genetics,2026-06-04,"Periodontitis is a complex inflammatory disease in which chronic immune activation drives destruction of periodontal soft tissues and alveolar bone. Although early-onset forms show high heritability, much genetic risk remains unresolved. To identify shared genetic signals across early- and later-onset periodontitis, we combined two European genome-wide association study datasets (3183 cases, 10 32",https://pubmed.ncbi.nlm.nih.gov/42224457/,PubMed
"Disruption of chitin synthases impairs tick feeding and reproduction, validating a broad-spectrum acaricide target.","Hajdusek Ondrej, Urbanova Veronika, Moos Martin",Frontiers in cellular and infection microbiology,2026-06-04,"Chitin, a major structural component of arthropods, is synthesized by chitin synthases (CHSs), which polymerize N-acetylglucosamine and extrude chitin into the extracellular matrix. CHSs are essential for cuticle formation and peritrophic matrix (PM) biogenesis and represent validated targets of several acaricides, yet their roles in ticks remain poorly defined. Here, we functionally characterize ",https://pubmed.ncbi.nlm.nih.gov/42221587/,PubMed
"Functional characterization of CreA, ZnT, and MTase as key regulators of cadmium resistance in ","Wang FangMei, Zhong WenTao, Wang Qiu",Frontiers in microbiology,2026-06-04,"Following the implementation of the Heavy Metal Pollution Control Program in the  Using high-throughput Illumina HiSeq sequencing, differentially expressed genes were identified, annotated, and classified through comprehensive bioinformatics analyses. The associated signaling pathways were systematically examined in detail for functional interpretation. This study highlights novel Cd-resistant gen",https://pubmed.ncbi.nlm.nih.gov/42221494/,PubMed
MicroRNA Lse-novel_mir63 regulates metamorphosis and fumigant tolerance by targeting CYP4G249 in Lasioderma serricorne.,"Liang Chao-Shan, Qin Dong-Dong, Yang Wen-Jia",Pest management science,2026-06-04,"Genes in the CYP4G subfamily are essential for the final steps of cuticular hydrocarbon (CHC) biosynthesis, which influences insect metamorphic development, desiccation tolerance, and insecticide penetration. However, the functional roles and regulatory mechanisms of CYP4G genes in Lasioderma serricorne, a major stored-product pest, remain poorly understood. In this study, we identified the CYP4G2",https://pubmed.ncbi.nlm.nih.gov/42219662/,PubMed
Efficient production of l-tryptophan by dynamic regulation of the intracellular l-Gln:l-Ser ratio in Escherichia coli.,"Zhou Qiang, Jiang Yuchen, Liu Jia",Bioresource technology,2026-06-04,"l-Tryptophan (l-Trp), an essential amino acid for humans and animals, is extensively used in the pharmaceutical, food, and feed industries. In order to further increase the production efficiency of l-Trp in E. coli, the metabolic bottlenecks (phosphoenolpyruvate, shikimate, l-Glutamine, and l-Serine) were identified by integrating intracellular metabolite profiling and transcriptional analysis. Am",https://pubmed.ncbi.nlm.nih.gov/42217805/,PubMed
Ligand-Induced Trigger RNA Cleavage Enables Programmable Gene Expression Regulation via Strand Displacement in Prokaryotic and Eukaryotic Cells.,"Zhang Chenxi, Feng Huiye, Li Liting",Frontiers in bioscience (Landmark edition),2026-06-04,"Synthetic RNA circuits offer powerful tools for reprogramming cellular behavior, but constructing ligand-responsive RNA switches that function reliably inside living cells remains challenging. Existing cis-acting designs often lack modularity and programmability due to tight coupling between sensing and output domains. We developed a generalizable strategy termed Ligand-Induced Trigger RNA Cleavag",https://pubmed.ncbi.nlm.nih.gov/42216525/,PubMed
Interactional Endocytosis and Transmembrane Transport Promote Cellular Internalization of Nano-Delivered RNA Drugs for Efficient Control of Crop Diseases.,"Guan Mei, Xie Chao, Xue Yang",Plant biotechnology journal,2026-06-04,"Botrytis cinerea is a widespread plant pathogenic ascomycete that causes grey mould in over 1400 species and impacts global crop yields. Double-stranded RNA (dsRNA)-induced gene silencing is a promising technology for pest control, but efficient delivery remains a major challenge. This work presents a star polycation (SPc)-based nano-delivery platform that enhances dsRNA internalization and enable",https://pubmed.ncbi.nlm.nih.gov/42216478/,PubMed
Sex-Specific Regulation of the Turandot Gene Family Modulates Temperature-Dependent Lifespan in Drosophila melanogaster.,"Hoffman Jessica M, Lasher A Tate, Fitch Michael P",Aging cell,2026-06-04,"Ambient temperature is a primordial determinant of longevity across the animal kingdom, yet the molecular transducers that couple thermal cues to aging rates remain elusive. Here, we interrogate the transcriptomic and metabolomic landscapes of Drosophila melanogaster to decode the mechanisms of temperature-dependent lifespan extension. We find that thermal stress drives a profound remodeling of th",https://pubmed.ncbi.nlm.nih.gov/42216237/,PubMed
Conserved structural features of the lncRNA HOTAIR in breast cancer cells.,"Perry Zion R, Beeram Anish, Lee Logan",bioRxiv : the preprint server for biology,2026-06-04,"Long noncoding RNAs (lncRNAs) regulate diverse cellular processes and are frequently implicated in disease, but their functional mechanisms often remain elusive. One such lncRNA, HOTAIR (Hox transcript antisense intergenic RNA), is a ∼2.1 kb mammalian transcript whose overexpression promotes invasion and metastasis in breast cancer. However, the mechanisms by which HOTAIR influences gene regulatio",https://pubmed.ncbi.nlm.nih.gov/42239237/,PubMed
Sequence alignment of the primate lineage reveals evolutionary divergence and conserved secondary structural motifs in noncoding RNAs.,"Beeram Anish, Perry Zion R, Pyle Anna Marie",bioRxiv : the preprint server for biology,2026-06-04,"Long noncoding RNAs (lncRNAs) constitute most of the human transcriptome and perform essential roles in chromatin organization and transcriptional regulation. Because lncRNA genes are not constrained by protein-coding ability, they tend to exhibit more rapid evolutionary divergence. Their poor nucleotide sequence conservation among mammals often led to the assumption that lncRNAs lack conserved st",https://pubmed.ncbi.nlm.nih.gov/42239064/,PubMed
"Overexpression of Long Non-Coding RNA, LINC01748, Predicts Extracellular Matrix Remodeling in Colorectal Cancer Through Let-7b-5p/CTHRC1 Axis.","Golestannejad Erfan, Tayebinia Heidar, Karimi Jamshid",Chonnam medical journal,2026-06-04,Colorectal cancer (CRC) is a leading cause of cancer-related deaths. Long non-coding RNAs are emerging as key regulators in cancer by modulating functions of microRNAs thereby affecting expression of genes involved in the pathogenesis of cancers. Since the CTHRC1 gene (Collagen Triple-Helix-Repeat Containing-1) encodes an extracellular matrix protein involved in collagen regulation and cell migrat,https://pubmed.ncbi.nlm.nih.gov/42238936/,PubMed
Long Noncoding RNA Associations Define an Interferon-Myeloid Immune Axis in Kawasaki Disease.,"Liu Fang, Xue Xing, Han Zhi",medRxiv : the preprint server for health sciences,2026-06-04,"Kawasaki disease (KD) is an acute pediatric vasculitis characterized by dysregulated host immune responses and risk of coronary artery injury. Although a two-transcript IFI27-MCEMP1 axis has been clinically validated to distinguish KD from other febrile illnesses, the long noncoding RNA (lncRNA) context of this interferon-myeloid imbalance remains incompletely understood. We evaluated whether peri",https://pubmed.ncbi.nlm.nih.gov/42238449/,PubMed
Investigating the expression of CTLA-4 and CD28 genes as immune regulators in patients with colorectal polyps.,"Etesami Marziyeh, Forouzesh Flora, Hooshmand Amirreza",BMC cancer,2026-06-04,Colorectal cancer (CRC) develops through a multistep process originating from precancerous polyps. Elucidating the mechanisms that regulate immune homeostasis in precancerous lesions and in the systemic circulation prior to malignant transformation is of critical importance. This study aimed to evaluate alterations in the expression levels of the CTLA-4 and CD28 genes in patients with hyperplastic,https://pubmed.ncbi.nlm.nih.gov/42237250/,PubMed
Differences in meat and wool quality and gastrointestinal/hypothalamic functions in Dexin fine-wool meat sheep with divergent residual feed intake.,"Wang Ziting, Wang Xu, Deng Qiyuan",BMC veterinary research,2026-06-04,"Residual feed intake (RFI) is an important indicator for measuring feed efficiency and can be used to screen sheep populations with low feed consumption and excellent growth performance. Its mechanism is closely related to the hypothalamus, which regulates animal feeding behavior, as well as the rumen and duodenum, which are responsible for the main digestive and absorptive functions. In theory, t",https://pubmed.ncbi.nlm.nih.gov/42237163/,PubMed
Echoes in the powerhouse: mito-lncRNAs contribution to cardiac function and disease.,"Chaurembo Abdallah Iddy, Xing Na, Huang Zi-Feng",Acta pharmacologica Sinica,2026-06-04,"Cardiovascular disease (CVD) remains the leading cause of morbidity and mortality worldwide, and its progression is closely linked to mitochondrial dysfunction in cardiomyocytes. Given the high energy demands of the heart, precise regulation of mitochondrial homeostasis, including oxidative phosphorylation, reactive oxygen species balance, calcium handling, and mitophagy, is essential for maintain",https://pubmed.ncbi.nlm.nih.gov/42236984/,PubMed
lncRNA-mRNA Co-expression Network Unveils Neutrophil Metabolic Reprogramming in Human Sepsis.,"Zhang Peng, Wang Fupeng, Zhao Kang",Inflammation,2026-06-04,"Sepsis is a life-threatening inflammatory syndrome driven by dysregulated immunity. Metabolic reprogramming and epigenetic regulation are now recognized as critical mechanisms underlying persistent immune cell alterations in sepsis. Neutrophils play a central role in sepsis by forming NETs, releasing inflammatory cytokines, and phagocytosing pathogens. During these processes, neutrophils undergo m",https://pubmed.ncbi.nlm.nih.gov/42236617/,PubMed
"Latent transforming growth factor binding protein-2 (LTBP2), an IPF biomarker of clinical decline, promotes TGF-beta signaling and lung fibrosis in mice.","Bodmer Nicholas K, Choudhury Malay, Mirza Haider",American journal of respiratory cell and molecular biology,2026-06-04,"The identification of clinically predictive serum biomarkers for pulmonary fibrosis is a significant challenge and important goal. Multiple recent proteomic biomarker studies have identified latent transforming growth factor binding protein-2 (LTBP2) as a circulating factor associated with disease progression in fibrotic lung diseases in humans (including IPF), but its role in the development of f",https://pubmed.ncbi.nlm.nih.gov/42236262/,PubMed
Long non-coding RNA TTN-AS1 promotes acute liver injury in sepsis: A novel potential monitoring and therapeutic target.,"Wang Jialian, Yan Yuan, Wang Chao",European journal of pharmacology,2026-06-04,"Sepsis-associated liver injury (SALI) is a severe complication of sepsis that markedly worsens clinical outcomes. Currently, specific early diagnostic biomarkers and effective therapeutic strategies remain limited. In this study, we integrated whole-blood transcriptomic sequencing data from patients with SALI with gene expression data obtained from the publicly available dataset to identify key re",https://pubmed.ncbi.nlm.nih.gov/42235876/,PubMed
UCA1 facilitates endometriosis progression through EIF4A3-mediated stabilization of E2F1 mRNA and enhanced glycolysis.,"Cao Yingying, Wang Honglin, Gou Yanling",Cellular signalling,2026-06-04,"Long non-coding RNA Urothelial carcinoma-associated 1 (UCA1) is a pivotal regulator in the progression of endometriosis (EMs), yet its mechanistic role remains elusive. This study identified UCA1 as a factor promoting glycolysis through bioinformatic screening and functional validation. Ectopic endometrial lesions exhibited significant UCA1 upregulation compared to normal endometrial tissues. In e",https://pubmed.ncbi.nlm.nih.gov/42235624/,PubMed
Exploring New Frontiers in Bone Metabolism: Role and Potential of lncRNA DANCR.,"Yang Mianmian, Huang Ruiqi, Wen Ruiming",Wiley interdisciplinary reviews. RNA,2026-06-04,"As an emerging epigenetic regulator, differentiation-antagonizing long-chain noncoding RNA (lncRNA) plays multiple roles in bone metabolism regulation and bone-related diseases. We found that lncRNA DANCR regulates bone metabolism by inhibiting bone formation and promoting resorption. Additionally, it plays a crucial role in chondrogenesis and maintaining bone homeostasis. Under pathological condi",https://pubmed.ncbi.nlm.nih.gov/42235596/,PubMed
A single non-coding RNA locus produces small and long regulatory RNAs with distinct biological functions.,"Carney Travis D, Shcherbata Halyna R",Genetics,2026-06-04,"The impact of non-coding RNAs on stem cell biology and differentiation processes is an important and incompletely understood area of research. Using the testes of Drosophila melanogaster as a proven model for investigating these processes, we identified a polycistronic locus from which two non-coding transcripts, miR-317 and the long non-coding RNA Peony, are produced, with alternative polyadenyla",https://pubmed.ncbi.nlm.nih.gov/42234823/,PubMed
"The SAF-A/HNRNPU ATPase and RGG domains are important for XIST RNA localization, nuclear dynamics, RNA splicing, and cell proliferation.","Sharp Judith A, Thomas Rachael, Sparago Emily",Molecular biology of the cell,2026-06-04,"The SAF-A/HNRNPU gene encodes an abundant nuclear protein conserved throughout vertebrates, and is mutated in individuals with HNRNPU syndrome, a neurological human disease. SAF-A is important for maintaining lncRNA localization, splicing, and gene expression state. The mechanistic role of SAF-A in each of these processes is likely coordinated by one or more of its functional domains, which includ",https://pubmed.ncbi.nlm.nih.gov/42234592/,PubMed
Therapeutic target exploration of Shugan Jianpi formula in liver fibrosis: an integrated lncRNA-mRNA co-expression network analysis.,"Wan Kaiqiang, Zhou Qiong, Feng Ruirui",Molecular genetics and genomics : MGG,2026-06-04,"Shugan Jianpi Formula (SGJPF), a traditional Chinese herbal formulation, has been clinically used for decades in the management of various chronic liver diseases, including liver fibrosis (LF). Previous studies have demonstrated the efficacy of SGJPF in ameliorating pathological manifestations in murine models of LF. However, the precise molecular mechanisms underlying its therapeutic effects rema",https://pubmed.ncbi.nlm.nih.gov/42233997/,PubMed
The Role of lncRNA GAS5 in Oxidative Stress and Mitochondrial Dysfunction in Age-Related Cataracts: Insights From Transcriptome Profiling.,"Kong Deqian, Liu Yue, Li Li",Investigative ophthalmology & visual science,2026-06-04,"This study aimed to investigate the role of lncRNA GAS5 and GADD45a in H₂O₂-induced oxidative stress and mitochondrial dysfunction in human lens epithelial cells (LECs), and to explore the underlying ceRNA mechanism involving miR-3666. Human LECs were exposed to H₂O₂ to induce oxidative stress. The functional roles of lncRNA GAS5, miR-3666, and GADD45a were assessed using gene knockdown and overex",https://pubmed.ncbi.nlm.nih.gov/42233724/,PubMed
Potential role of palmitoylation-coexpressed lncRNA in prognosis and immunotherapy of hepatocellular carcinoma.,"Lv Changguang, Xu Chenchang, Miao Dongliu",Computer methods in biomechanics and biomedical engineering,2026-06-04,"Hepatocellular carcinoma (HCC) lacks effective prognostic biomarkers. We explored the role of palmitoylation-coexpressed long non-coding RNAs (lncRNAs) in HCC progression and tumor microenvironment (TME) remodeling. Using TCGA data, we constructed an 8-lncRNA signature (PCLS) via LASSO and multivariate Cox regression. The PCLS robustly stratified HCC patients into risk groups; high-risk patients e",https://pubmed.ncbi.nlm.nih.gov/42233512/,PubMed
IGFL2-AS1 knockdown enhances erastin-induced ferroptosis-associated changes in oral squamous cell carcinoma.,"Li Li, Yin Ye",Folia histochemica et cytobiologica,2026-06-04,"Long non-coding RNA (lncRNA) IGFL2-AS1 has been implicated in oral squamous cell carcinoma (OSCC) progression, whereas its relationship to ferroptosis remains unclear. Erastin is a small-molecule ferroptosis inducer that inhibits system Xc-, reduces cystine uptake and glutathione availability, and thereby promotes lipid peroxide accumulation. We investigated whether IGFL2-AS1 modulates erastin-ind",https://pubmed.ncbi.nlm.nih.gov/42233476/,PubMed
Sevoflurane pre-treatment attenuates myocardial cell ferroptosis caused by hypoxia and reoxygenation ,"Gong Zanhui, Wu Yajun, Wang Yongsheng",Toxicology mechanisms and methods,2026-06-04,"Myocardial ischemia-reperfusion injury (MIRI) is the primary cause of death for acute myocardial infarction. LncRNA NNT-AS1 was upregulated in the H9c2 hypoxia-reoxygenation (H/R) model. However, the interaction between sevoflurane and NNT-AS1 is unknown in MIRI. The specific aim of this study was to explore the mechanism by which sevoflurane regulates cardiomyocyte injury ",https://pubmed.ncbi.nlm.nih.gov/42233473/,PubMed
RNA sequencing reveals lncRNAs that specifically regulate unsaturated fatty acid generation in buffaloes.,"Zeng Xinyu, Tian Hao, Wang Haopeng",Archives animal breeding,2026-06-04,"The content of unsaturated fatty acids (UFAs) is significantly associated with the flavor, taste, and nutritional value of beef. Adipose tissue (AT) develops in multiple depots, and the UFA content of AT varies among different depots. To elucidate the regulatory role of long non-coding RNAs (lncRNAs) in UFA synthesis across different AT depots in buffaloes, we conducted RNA sequencing (RNA-seq) on",https://pubmed.ncbi.nlm.nih.gov/42232300/,PubMed
Emerging Nanotherapy Applications in Cancer Treatment: ,Mahallawi Waleed H,Saudi medical journal,2026-06-04,"This comprehensive review synthesizes recent advances in cancer nanotherapy, focusing on 6 emerging categories: immunomodulation, gene/RNA delivery, theranostics, radiosensitization, biomimetic carriers, and artificial intelligence (AI)-guided formulations. These innovative platforms demonstrate transformative potential by overcoming key limitations of conventional cancer treatments. Immunomodulat",https://pubmed.ncbi.nlm.nih.gov/42239563/,PubMed
Sphingolipid homeostasis and dysregulation in liver function and disease.,"Lan Jianfeng, Pan Zhixiong, Dong Wei",Life metabolism,2026-06-04,"Sphingolipids regulate hepatic lipid homeostasis, cell survival, inflammation, and tissue repair. In the healthy liver, balanced ",https://pubmed.ncbi.nlm.nih.gov/42239544/,PubMed
Engineered transformer base editor with unconstrained PAM requirements.,"Chen Bowen, Tian Yafei, Liang Letong",Molecular therapy. Nucleic acids,2026-06-04,"Canonical base editors (BEs) enable programmable nucleotide conversions without inducing DNA double-strand breaks (DSBs), yet the significant off-target (OT) effects restrict their applications. The transformer BE (tBE), a BE derivative, minimizes DNA and RNA OT mutations, but its dual single-guide RNA (sgRNAs) requirement limits its targeting scope. To address this, we integrated SpRY, a protospa",https://pubmed.ncbi.nlm.nih.gov/42239495/,PubMed
Once yearly cell-based therapy for sustained and dose tunable delivery of monoclonal antibodies.,"Fell Cody, Davis Anthony E, Pandey Shalini",bioRxiv : the preprint server for biology,2026-06-04,"Over 200 monoclonal antibodies (mAbs) are approved for clinical use, yet their therapeutic potential is constrained by dependence on repeated injections or infusions that drive non-adherence, limit access in low-resource settings, and generate peak-trough pharmacokinetics linked to adverse effects and reduced efficacy. Here, we developed an immunomodulatory encapsulated cell-based 'biologics facto",https://pubmed.ncbi.nlm.nih.gov/42239463/,PubMed
HDAC Inhibition Sensitizes Pancreatic Tumors to DNA Damage by Global Redistribution of the Transcriptional Machinery.,"Liang Gaoyang, Nguyen Hung V-T, Zhu Jonathan",bioRxiv : the preprint server for biology,2026-06-04,"The DNA damage response (DDR) is critical for pancreatic ductal adenocarcinoma (PDAC) development and therapeutic responses, including to genotoxic agents. While epigenetic modulators have been shown to contribute to the DDR, how chromatin regulation dictates responses to DNA damage in PDAC remains incompletely understood. Here, we identify Class I histone deacetylases (HDACs) as critical regulato",https://pubmed.ncbi.nlm.nih.gov/42239268/,PubMed
An engineered intradermal microneedle-array device enhances the cellular immune responses in a guinea pig model.,"Nepveu-Traversy Marie-Edith, Babuadze George Giorgi, Potterton Darlene",Frontiers in immunology,2026-06-04,"Intradermal (ID) vaccination can be highly immunogenic due to the density of antigen-presenting cells in the skin, but reliable ID delivery remains technically challenging. We evaluated a programmable microneedle-array intradermal injector, InocuJect, designed to distribute vaccine micro-deposits across a defined dermal area. In female Hartley guinea pigs, we compared vaccination with the automate",https://pubmed.ncbi.nlm.nih.gov/42238579/,PubMed
Fucosyltransferase 4-derived peptide bioconjugates on carbon nanotubes enhance antitumor immunity in an ovarian cancer mouse model.,"Guzmán-Mendoza J J, Sánchez-Ramírez B, Velarde-Calderón A",Frontiers in immunology,2026-06-04,"Ovarian cancer is characterized by a profoundly immunosuppressive tumor microenvironment, which has limited the clinical success of immunotherapy approaches. Antigen-based nanovaccines represent a promising strategy to enhance antitumor immunity by improving antigen delivery and immune activation. In this study, we evaluated carbon nanotubes (CNTs) bioconjugated with a peptide derived from tumor-a",https://pubmed.ncbi.nlm.nih.gov/42238569/,PubMed
Bone targeted microenvironment actuated engineered exosomes for precision therapy of IBD associated bone loss.,"Liu Jiang, Wang Cong, Feng Taojin",Bioactive materials,2026-06-04,"Systemic bone loss is a frequent extraintestinal complication of inflammatory bowel disease (IBD) and can continue even when intestinal inflammation is clinically controlled. The steps linking gut inflammation to bone deterioration at distant sites are not fully defined. We found that interleukin-18 (IL-18) links intestinal inflammation to bone loss. In the gut, IL-18 supports mucosal repair and b",https://pubmed.ncbi.nlm.nih.gov/42238026/,PubMed
Molecular characterisation of extracellular vesicles released by Strongyloides stercoralis infective larvae isolated from a clinical sample.,"Deiana Michela, Veschetti Laura, Reynolds Kieran",Parasites & vectors,2026-06-04,"Extracellular vesicles (EVs) represent a key mechanism of host-pathogen crosstalk. Numerous helminth parasites have already been reported to shed EV-like structures carrying biomolecules, including small RNAs (sRNAs), with functional effects on target cells. However, the ability of Strongyloides stercoralis to release EVs has yet to be demonstrated. Following the isolation of S. stercoralis infect",https://pubmed.ncbi.nlm.nih.gov/42237397/,PubMed
Modular nucleic acid-based construct for delivery of immunostimulatory agonists and oncogene-silencing oligonucleotides in tumours.,"Chi Hongli, An Keli, He Jiaxuan",Nature biomedical engineering,2026-06-04,"Systemic delivery of nucleic acid therapeutics to tissues outside the liver remains difficult because of rapid clearance, off-target accumulation and inefficient cellular uptake. Here we developed a multifunctional construct that assembles circular nucleic acids for targeted delivery, termed circular functional molecular flare. These constructs are produced by ligase-mediated, DNA-templated polyme",https://pubmed.ncbi.nlm.nih.gov/42236980/,PubMed
Tumor-derived WNT7A reprograms pulmonary fibroblasts to remodel the metastatic niche and promote bladder cancer lung metastasis.,"Huang Zhengnan, Yan Yilin, Wang Xinan",Experimental & molecular medicine,2026-06-04,"The mechanisms underlying lung metastases in bladder cancer (BLCA) remain poorly understood. Cancer-associated fibroblasts (CAFs) are key modulators of the metastatic microenvironment, but how they are activated and contribute to BLCA lung metastases remains unclear. Single-nucleus RNA sequencing was conducted on metastatic lung lesions from patients with BLCA to characterize the tumor microenviro",https://pubmed.ncbi.nlm.nih.gov/42236896/,PubMed
Novel CAR T cell blend targeting PDPN and GD2 to overcome glioblastoma heterogeneity.,"Hübner Julian, Alsalkini Marah, McFleder Rhonda",Journal for immunotherapy of cancer,2026-06-04,"While chimeric antigen receptor (CAR) T cells have achieved encouraging remission rates in hematological malignancies, they have demonstrated limited success in treating glioblastoma (GBM), particularly due to high intratumoral and intertumorous heterogeneity. In this study, we identified a consistently expressed target antigen, podoplanin (PDPN), and evaluated the potential of a PDPN-CAR T cell a",https://pubmed.ncbi.nlm.nih.gov/42236120/,PubMed
Quality-by-Design (QbD) optimization of lyophilization parameters for siRNA-loaded LNPs using sequential Design of Experiments (DoE).,"Degey Manon, Meloni Laura, Dede Berfin",International journal of pharmaceutics,2026-06-04,"Although lipid nanoparticles (LNPs) are widely used for RNA delivery, their use is limited by poor stability in liquid form during refrigerated storage. Lyophilization is a promising way to address this limitation. However, the relationship between cryoprotectant choice and process settings in determining LNP integrity after reconstitution is not yet fully understood. It also remains unclear wheth",https://pubmed.ncbi.nlm.nih.gov/42235711/,PubMed
A novel algae oil-based emulsion enhances chemotherapy outcome in human cancer models.,"Steiner-Zitzenbacher Birgit, Karner Christina, Uellen Andreas","Prostaglandins, leukotrienes, and essential fatty acids",2026-06-04,"Cancer therapy remains challenged by limited treatment efficacy, cancer-related malnutrition and substantial toxicity, underscoring the need for novel strategies to improve therapeutic responses. Omega-3 fatty acids, particularly docosahexaenoic acid (DHA), exhibit both nutritional and bioactive properties, including anti-inflammatory effects and the ability to enhance tumor cell susceptibility to",https://pubmed.ncbi.nlm.nih.gov/42235481/,PubMed
Sophoraflavanone G alleviates ulcerative colitis in mice by reshaping the gut microbiome and restoring the Th17/Treg balance through the PI3K/AKT/NF-κB signaling pathway.,"Sun Yujiao, Li Lingchang, Wang Yan",International immunopharmacology,2026-06-04,"Ulcerative colitis (UC) is characterized by diarrhea, bloody stool and a feeling of incomplete defecation. Sophoraflavanone G (SFG) is one of the main chemical components of Sophora flavescens Ait and possesses various pharmacological activities. This study aims to investigate the therapeutic efficacy of naturally derived SFG in alleviating dextran sulfate sodium (DSS)-induced UC and the underlyin",https://pubmed.ncbi.nlm.nih.gov/42235313/,PubMed
PhytosRNA therapeutics: Cross-kingdom communication and translational potential of Chinese herbal medicine-derived small RNAs.,"Hu Kua, Wang Danyang, Shao Changwei",Plant cell reports,2026-06-04,"This review discusses the mechanisms of cross-kingdom communication mediated by small RNAs derived from Chinese herbal medicines, highlights the unique advantages of their natural delivery systems, and draws insights into the key pharmacological and biotechnological challenges for their clinical translation as novel phytosRNA therapeutics. Non-coding small RNAs (sRNAs) are increasingly recognized ",https://pubmed.ncbi.nlm.nih.gov/42234162/,PubMed
Exploration of miR-326 delivery via biocompatible polymeric nanoparticles in medulloblastoma: A preliminary study.,"Splendiani Elena, Maiorano Gabriele, Spinello Zaira",Molecular therapy. Nucleic acids,2026-06-04,"MicroRNAs play a crucial role in tumorigenesis, functioning as oncogenes or tumor-suppressors while orchestrating the differentiation states of cancer cells. In medulloblastoma, the most common malignant pediatric brain tumor, the downregulation of miR-326 is associated with a loss of tumor suppression that leads to uncontrolled proliferation and survival or de-differentiation. In this study, we e",https://pubmed.ncbi.nlm.nih.gov/42233108/,PubMed
Curcuma-derived nanovesicle-loaded ROS-responsive hydrogels reprogram iron metabolism to enhance cartilage regeneration after microfracture.,"Mu Yuhao, Li Hao, Zhang Ruiyang",Bioactive materials,2026-06-04,"Microfracture (MF) is widely used for cartilage repair, but it often yields limited clinical benefit because it predominantly induces fibrocartilage formation. However, the mechanisms underlying this fibrocartilaginous repair remain insufficiently defined. In this study, temporal histopathological profiling and integrative bioinformatic analyses of post-microfracture specimens revealed that early ",https://pubmed.ncbi.nlm.nih.gov/42232745/,PubMed
Vaccination and hybrid immunity is associated with SARS-CoV-2 protection but not shedding duration in rural Guatemalan households.,"Barrett Bradley S, Lamb Molly M, Guo Kejun",Research square,2026-06-04,"Essential agricultural workers in Central America and their households faced a high force of infection during the COVID-19 pandemic. Here, we evaluated if pre-existing seropositivity and vaccination (hybrid immunity) influenced SARS-CoV-2 infection risk and duration of shedding in an agricultural community in rural Guatemala. Individuals from 70 households were enrolled in a community cohort. From",https://pubmed.ncbi.nlm.nih.gov/42239788/,PubMed
Crimean-Congo hemorrhagic fever virus protein GP38 from isolate M18-China confers broad immunological breadth.,"Wang Albert, Monticelli Stephanie R, Hjorth Christy K",Research square,2026-06-04,"Crimean-Congo hemorrhagic fever virus (CCHFV) is a tick-borne, negative-strand RNA virus that causes outbreaks of lethal hemorrhagic fever. No approved vaccines or specific antiviral treatments are available. CCHFV glycoprotein GP38 is an integral component of the pre-fusion glycoprotein entry complex, plays roles in viral pathogenesis, and is a key target of antibody-mediated protection. Herein, ",https://pubmed.ncbi.nlm.nih.gov/42239768/,PubMed
"Integrated Transcriptomic Analysis Identifies a Six-Gene Prognostic Signature, RNA Editing Derived Neoantigens, and miRNA Regulatory Networks in Renal Cell Carcinoma.","Mehmandoostli Zohreh, Dehghani Ashkezari Mahmood, Seifati Seyed Morteza",Iranian journal of medical sciences,2026-06-04,"Renal cell carcinoma (RCC) is a heterogeneous malignancy with variable outcomes and limited biomarkers for prognosis or immunotherapy response. Although mutations in  Transcriptomic data from TCGA-KIRC and four Gene Expression Omnibus (GEO) cohorts were normalized, batch-corrected, and integrated. Differentially expressed genes were analyzed using LASSO-Cox regression, Kaplan-Meier survival, ROC c",https://pubmed.ncbi.nlm.nih.gov/42238050/,PubMed
Towards mRNA therapeutics 2.0.,"Chien Kenneth R, Foo Kylie S, Witman Nevin",Nature reviews. Drug discovery,2026-06-04,"mRNA technology, which has enabled the rapid development of vaccines for infectious diseases, also holds great promise for a new generation of therapies for a host of rare and common diseases. A decade of clinical trials are beginning to clarify the key barriers to unlock the transformative potential of mRNA drugs, which are being addressed with novel interdisciplinary technical advances that, in ",https://pubmed.ncbi.nlm.nih.gov/42236989/,PubMed
Rational design of a modular mRNA vaccine platform for rapid adaptation to SARS-CoV-2 variants.,"Rudert Julia, Volckmar Julia, Jeron Andreas",Scientific reports,2026-06-04,"The ongoing emergence of novel SARS-CoV-2 variants due to viral mutations poses a persistent challenge to the efficacy of existing vaccines. To address this challenge, we engineered and comprehensively tested three optimized mRNA vaccine candidates, evaluating the kinetics, quality, and magnitude of antibody responses as well as antigen-specific T cell immunity during a prime-boost vaccination reg",https://pubmed.ncbi.nlm.nih.gov/42236761/,PubMed
Epigenetic control of telomeric RNA maintains heterochromatin in telomerase-driven cancers.,"Price Jared D W, Vizeacoumar Frederick S, Abuhussein Omar",Signal transduction and targeted therapy,2026-06-04,"Tumor heterogeneity presents a major clinical challenge. Reactivation of telomerase (hTERT) is a near-universal hallmark of cancer, yet direct inhibition of hTERT has shown limited therapeutic benefit. To uncover tractable telomerase-related vulnerabilities, we applied a synthetic dosage lethality (SDL) strategy to identify genes required only when hTERT is overexpressed. We performed genome-wide ",https://pubmed.ncbi.nlm.nih.gov/42236690/,PubMed
Repurposing COVID-19 (and other) mRNA vaccines to boost cancer immunotherapy efficacy: mechanistic insights and future directions.,"Gujar Shashi, Pol Jonathan G, Vijayan Vishnu Vijay",Journal for immunotherapy of cancer,2026-06-04,A recent study by Grippin ,https://pubmed.ncbi.nlm.nih.gov/42236116/,PubMed
Pan-pathogen vaccine approaches: Toward broad-spectrum immunity in a One Health era.,Mahlra Shoaib,Journal of microbiological methods,2026-06-04,"Emerging and re-emerging infectious diseases (EIDs) represent an escalating threat to global public health, as exemplified by outbreaks of COVID-19, Ebola, Zika, and other zoonotic viruses. Traditional pathogen-specific vaccines, although effective for individual diseases, face significant limitations in addressing EIDs due to long development timelines, resource intensity, and restricted adaptabi",https://pubmed.ncbi.nlm.nih.gov/42235797/,PubMed
"Safety and immunogenicity of mRNA-based mpox vaccine candidate BNT166a: an open-label, dose-escalation, first-in-human trial.","Bähner Frank, Faust Saul N, Davies Leela R L",The Lancet. Infectious diseases,2026-06-04,"Recent mpox outbreaks highlight the need for novel, effective, and scalable vaccines against monkeypox virus (MPXV). The quadrivalent mRNA vaccine candidate BNT166a encoding MPXV antigens A35, B6, M1, and H3 was selected for clinical development based on evidence of immunogenicity and protective efficacy against multiple orthopoxviruses in preclinical models. We aimed to investigate the safety and",https://pubmed.ncbi.nlm.nih.gov/42235570/,PubMed
Biodistribution of mRNA vaccines in rats: Enrichment in injection site and lymph tissues and rapid clearance without tissue persistence.,"Goody Susan M G, Rowbottom Christopher, Liu Yun",Molecular therapy. Nucleic acids,2026-06-04,"Messenger RNA (mRNA) vaccines using lipid nanoparticles (LNPs) are globally approved with acceptable safety profiles for preventing respiratory diseases. Here, we describe tissue distribution and kinetics of mRNA-LNP vaccines after intramuscular dosing using three products formulated with same LNP matrix: mRNA-1273 (Spikevax), mRNA-1647 (a candidate cytomegalovirus [CMV] vaccine), and a reporter m",https://pubmed.ncbi.nlm.nih.gov/42233109/,PubMed
After a Decade of Therapy Revolution in Cutaneous Melanoma-Perspectives on Emerging Treatment Strategies.,"Wohlfeil Sebastian A, Utikal Jochen S",Oncology research,2026-06-04,"Over the past decade, the therapeutic paradigm of cutaneous melanoma has been transformed strongly, driven by advances in immuno-oncology and precision medicine. Building on the success of immune checkpoint blockade and targeted therapy, new treatment strategies now aim to improve efficacy, overcome resistance, and prolong the durability of responses. Clinical trials on neoadjuvant therapy support",https://pubmed.ncbi.nlm.nih.gov/42232604/,PubMed
"Prevalence and epidemiology of hepatitis B and hepatitis D in Uzbekistan-results from a population-based serosurvey, 2022.","Musabaev Erkin, Tohme Rania A, Joldasova Elizaveta",IJID regions,2026-06-04,"Uzbekistan, historically a country with high hepatitis B virus (HBV) infection endemicity, introduced infant hepatitis B vaccination in 2001 and has sustained ≥90% coverage for hepatitis B vaccine birth dose (HepB-BD) and three or more doses. In 2017, Uzbekistan initiated hepatitis B elimination activities. However, data on hepatitis B prevalence in the general population were lacking. In 2022, we",https://pubmed.ncbi.nlm.nih.gov/42232143/,PubMed
Spatiotemporal Atlas of Pro-Inflammatory NF-κB and Anti-Inflammatory STAT6 Signalling Using Reporter Mice during mRNA Vaccination.,"Brunialti Electra, Panzeri Alessia, Rizzi Nicoletta",Molecular therapy : the journal of the American Society of Gene Therapy,2026-06-04,"Immunization engages a highly coordinated series of innate and adaptive immune responses across multiple anatomical sites, a complexity that has contributed to the predominantly empirical nature of vaccine development. To address this limitation, we developed and validated a STAT6 reporter mouse that enables dynamic whole-body imaging and ex vivo characterisation of STAT6-mediated anti-inflammator",https://pubmed.ncbi.nlm.nih.gov/42231579/,PubMed
Effect of Modified Nucleotides on the Immunogenicity of the H1N1 Influenza mRNA Vaccine.,"Krasnikova S I, Sharabrin S V, Kisakov D N",Bulletin of experimental biology and medicine,2026-06-04,"We analyzed the effect of modified nucleotides on the immunogenicity of mRNA vaccine encoding hemagglutinin of the influenza A/California/04/09(H1N1) pdm09 virus. Seven mRNA-H1 variants including the following modified bases in different ratios were obtained: N1-methylpseudouridine (m1Ψ), pseudouridine (Ψ), N6-methyladenine (m6A), and 5-methylcytidine (m5C). The efficacy of the resulting mRNA vacc",https://pubmed.ncbi.nlm.nih.gov/42230492/,PubMed
Intranasal administration of a DNA vaccine complexed with sugar-functionalized chitosan induces protective immunity against SARS-CoV-2 in mice.,"Colaço Mariana, Panão-Costa João, Lebre Filipa",International journal of pharmaceutics,2026-06-04,"The emergence of Severe Acute Respiratory Syndrome Coronavirus-2 (SARS-CoV-2) and its devastating global impact emphasize the urgent need for effective, non-invasive vaccines. While current mRNA and adenoviral vaccines have mitigated severe disease, they face challenges in preventing mucosal transmission and addressing the emergence of new viral variants. This study investigated an intranasal DNA ",https://pubmed.ncbi.nlm.nih.gov/42229833/,PubMed
Brief Report: SARS-CoV-2 mRNA Vaccination Improved Survival in NSCLC Treated with Radiotherapy.,"Xu Xinyan, Saad Maliazurina B, Grippin Adam",Journal of thoracic oncology : official publication of the International Association for the Study of Lung Cancer,2026-06-04,"Stereotactic ablative radiotherapy (SABR) is standard for early-stage NSCLC, but strategies to enhance its systemic antitumor immune effects remain limited. Preclinical data suggest SARS-CoV-2 mRNA vaccines enhance innate immunity and antigen presentation, raising the possibility that vaccination could augment radiotherapy-induced immune priming. We evaluated the clinical impact of peri-SABR vacci",https://pubmed.ncbi.nlm.nih.gov/42229634/,PubMed
Recycling slalom and hydrodynamic chromatography for the improved characterization and purification of large plasmids and mRNAs in cell and gene therapy.,Gritti Fabrice,Journal of chromatography. A,2026-06-04,"The recent re-introduction of slalom chromatography (SC) in 2023 as a bioanalytical technique to solve complex mixtures of large (> 1 MDa) dsDNAs and dsRNAs biopolymers has been particularly useful to distinguish between extensible, linearized DNAs and more compact, weakly stretchable plasmids. Today, SC using a single GTxResolve",https://pubmed.ncbi.nlm.nih.gov/42229278/,PubMed
Activated PIK3CD drives marginal zone B cell development from early transitional progenitors by enhancing ADAM10 expression.,"Lv Ge, Gao Yelei, Kang Zhijuan",Inflammation research : official journal of the European Histamine Research Society ... [et al.],2026-06-04,"Activated PI3K-delta syndrome (APDS) is a human monogenic primary immunodeficiency disorder caused by mutations in the gene encoding the p110δ catalytic subunit of phosphoinositide 3-kinase, PIK3CD. APDS is characterized by complex immune phenotypes, including increased serum IgM, susceptibility to encapsulated bacterial respiratory infections, poor vaccine response, and autoimmune disorders. Impa",https://pubmed.ncbi.nlm.nih.gov/42228175/,PubMed
Immunotherapeutic Advances in Alzheimer's Disease: The Convergence of Vaccinology and Nanoscience.,"Chellammal Hanish Singh Jayasingh, Janakiraman Ashok Kumar, Ramachandran Dhani",Current Alzheimer research,2026-06-04,"Amyloid-beta plaques and neurofibrillary tangles promote neuronal dysfunction and cognitive loss, the hallmarks of Alzheimer's disease (AD), a serious global health concern. Current medications offer only symptomatic alleviation, emphasizing the critical need for disease-- modifying therapy. This study was performed using MeSH term search by using keywords, like ""Alzheimer's Disease"", ""AD"", ""Vacci",https://pubmed.ncbi.nlm.nih.gov/42227470/,PubMed
TSC2 is a stress granule suppressor.,"Ma Yizhe, Farny Natalie G",bioRxiv : the preprint server for biology,2026-06-04,"Stress granules (SGs) are dynamic, membrane-less ribonucleoprotein assemblies that form through liquid-liquid phase separation to prioritize stress-survival proteostasis. Through reanalysis of a ",https://pubmed.ncbi.nlm.nih.gov/42239325/,PubMed
BLOC1S1 regulates autolysosomal and exosomal dynamics during CD4⁺ T cell differentiation.,"Sharma Rahul, Syed Zulfeqhar A, Vishwakarma Sandeep K",bioRxiv : the preprint server for biology,2026-06-04,"Although the endolysosome system is central to intracellular recycling, signal transduction, and intercellular communication via exocytosis, its role in immunoregulation remains incompletely defined. We recently identified that CD4+ T cell-specific depletion of BLOC1S1, a component of multiprotein complexes regulating endolysosomal biology, predisposes toward type 2 (Th2) immunity. We therefore hy",https://pubmed.ncbi.nlm.nih.gov/42239123/,PubMed
Divergent regulatory impacts of endogenous siRNAs on host mRNAs in testis of closely related species.,"Zamani Mina, Jarva Taiya, Moukheiber Henry",bioRxiv : the preprint server for biology,2026-06-04,"Invertebrates use RNAi to fight viruses that replicate via dsRNA intermediates, which serve as precursors for producing anti-viral siRNAs. In addition, siRNAs are produced from a broad range of endogenous dsRNAs in ",https://pubmed.ncbi.nlm.nih.gov/42239113/,PubMed
From mitochondrial oxidative stress to neuroinflammation: integrated proteomic and transcriptomic profiling reveals the role of the ROS/TXNIP/NLRP3 signaling pathway in anxious depression.,"Shi Lingchang, Wei Jingya, Chen Ronglin",Frontiers in immunology,2026-06-04,"Anxious depression is a prevalent affective disorder characterized by typical depressive symptoms accompanied by persistent anxiety. Increasing evidence suggests that mitochondrial oxidative stress and neuroinflammation contribute to its onset and progression; however, the precise mechanisms linking these processes remain elusive. A rat model of anxious depression was established via chronic restr",https://pubmed.ncbi.nlm.nih.gov/42238570/,PubMed
Isolation and functional characterization of primary human proximal tubular epithelial cells from brain-dead organ donors.,"Aomura Daiki, Burfeind Kevin G, Funahashi Yoshio",Physiological reports,2026-06-04,"Kidney proximal tubules (PT) utilize endocytosis to maintain body homeostasis. Effective PT repair mechanisms after acute kidney injury (AKI) are crucial to avoid the transition to chronic kidney disease (CKD). Cultured PT cells are often utilized to study these processes, but studies demonstrate loss of functional transporter expression in nearly all available cell lines. Here, we describe acquis",https://pubmed.ncbi.nlm.nih.gov/42237698/,PubMed
α-Viniferin Induces Intrinsic Apoptosis in Triple-Negative Breast Cancer Cells and Synergizes With SB203580 Independently of p38 Mitogen-Activated Protein Kinase.,"Kim Do-Gyeong, Kim Gyeongmi, Kim Jiyea",Journal of breast cancer,2026-06-04,"Triple-negative breast cancer (TNBC) is recognized as the most aggressive subtype of breast cancer. Due to the absence of established molecular targets, treatment options remain limited. In this study, we investigated the anticancer effects of α-viniferin in TNBC cells. The impact of α-viniferin on cell viability was evaluated across several breast cancer cell lines representing different molecula",https://pubmed.ncbi.nlm.nih.gov/42237516/,PubMed
A combination therapy strategy: precision co-targeting of CCR7 and JAK1 with a smart hydrogel for inflammatory skin diseases.,"Gao Yamei, Shen Xueting, Lu Jiliang",Journal of nanobiotechnology,2026-06-04,"Inflammatory skin diseases (ISDs) pose a major global burden, yet current therapies are limited by efficacy, accessibility, and cost, necessitating novel effective treatments. Thus, our study proposes a novel synergistic therapeutic strategy for psoriasis (PSO) and atopic dermatitis (AD) by concurrently targeting two critical pathological axes: immune cell chemotaxis via CCR7 inhibition and local ",https://pubmed.ncbi.nlm.nih.gov/42237357/,PubMed
ETV4 as a potential target gene for alleviating proliferation metastasis of HCC.,"Yuan Yuan, Tan Qinglin, Zhu Maolin",BMC gastroenterology,2026-06-04,"Hepatocellular carcinoma (HCC) develops and progresses via the RAF/MERK/ERK signaling pathway. Sorafenib, a first-line therapy for advanced HCC, inhibits the RAF gene. However, RAF dimerization and ERK activation caused by RAF inhibition in HCC, and this paradoxical RAF/MERK/ERK activation is one of the reasons for Sorafenib resistance in liver cell carcinoma. ETV4 is an ERK downstream gene, hence",https://pubmed.ncbi.nlm.nih.gov/42237239/,PubMed
Re Du Ning exerts anti-influenza activity by counteracting viral NS1-mediated suppression of host type I interferon signaling.,"Ke Siyuan, Chen Ruonan, Wang Jiaxi",Journal of ethnopharmacology,2026-06-04,"Re Du Ning (RDN) injection is a modern Chinese herbal formulation with heat-clearing, wind-dispersing, and detoxifying properties. It is clinically used for the treatment of influenza-related high fever and upper respiratory tract infections, with validated clinical efficacy and a favorable safety profile. Although its anti-inflammatory activity has been extensively documented, the antiviral effec",https://pubmed.ncbi.nlm.nih.gov/42235715/,PubMed
Extract of Agathis dammara and Its Active Monomer Araucarone Attenuate Metabolic Dysfunction-associated Steatotic Liver Disease by Targeting Carboxylesterase 2.,"Peng Ankang, Wang Rui, Yu Zhewei",Journal of ethnopharmacology,2026-06-04,"Metabolic dysfunction-associated steatotic liver disease (MASLD) is the most prevalent chronic liver disease globally, yet effective therapeutic options remain limited. Dysregulated lipid metabolism plays an important role in MASLD progression, making it a promising target for intervention. In Malaysia, the resin extract of Agathis dammara (Lamb.) Rich. & A.Rich. (AD) is traditionally used as a he",https://pubmed.ncbi.nlm.nih.gov/42235713/,PubMed
PFKFB4 downregulation impairs decidualization via disturbing the glycolysis and GSK3β/β-catenin pathway and contributes to preeclampsia.,"Li Xiaohui, Zeng Yan, Liu Yutong",Cellular signalling,2026-06-04,"Preeclampsia (PE), a pregnancy-specific complication threatening maternal and fetal health, has an elusive pathogenesis. While placental dysplasia is a core driver, decidualization is essential for placentation. Our prior RNA sequencing identified significant downregulation of the key glycolytic enzyme PFKFB4 in decidual tissue from severe PE (sPE) patients. Here, we confirmed markedly lower PFKFB",https://pubmed.ncbi.nlm.nih.gov/42235627/,PubMed
Tbx20 and Sirt1 synergize to ameliorate cardiac aging through enhanced autophagy.,"Khanam Riffat, Mandal Pabitra, Khamaru Madhurima",Tissue & cell,2026-06-04,"Cardiovascular diseases are a cause of global concern with age being a major contributor to failing hearts. Even in aged individuals with no cardiac anomalies, cardiac physiology and functioning are severely affected and so is autophagy. Unfortunately, with aging, there is a decline in the functionality of autophagic machinery, and impaired autophagy sustains which worsens cardiac functioning. Her",https://pubmed.ncbi.nlm.nih.gov/42235376/,PubMed
Exosome mimetic nanoparticles for siRNA based targeting of α-synuclein and neuroinflammation in Parkinson's disease.,"Shamim Shamim, Singh Atul Pratap, Sharma Himanchal",The Journal of pharmacy and pharmacology,2026-06-04,"Parkinson's disease (PD) is a neurodegenerative disorder caused by degeneration of dopaminergic neurons and accumulation of α-synuclein protein, leading to sustained neuroinflammation. This review analyze the application of gene silencing mediated by small interfering RNAs for α-synuclein protein and inflammatory factors in the treatment of PD. The use of exosomes-mimetic nanoparticles (EM-NPs) fo",https://pubmed.ncbi.nlm.nih.gov/42234812/,PubMed
A conserved mechanism for stabilization of viral innate immune antagonists via interaction with Elongin BC.,"Zeng Qiru, Sun Jinyi, Tessier Tanner M",Proceedings of the National Academy of Sciences of the United States of America,2026-06-04,"Interferon regulator factor 3 (IRF3) inhibition is a shared strategy of many virally encoded proteins to effectively block the induction of interferon signaling. Although rotavirus nonstructural protein 1 (NSP1) is known to target IRF3 for proteasomal degradation, the exact molecular mechanism remains unclear. Here, we found that rotavirus NSP1 contains a BC box motif that mediates interaction wit",https://pubmed.ncbi.nlm.nih.gov/42234532/,PubMed
Old and New Lines of Therapy Targeting Lipoprotein(a).,"Anchouche Khalil, Koran Nicholas, Thanassoulis George",Current atherosclerosis reports,2026-06-04,"Elevated lipoprotein(a) (Lp[a]) is a prevalent, lifelong, and genetically determined causal cardiovascular risk factor, associated with a wide spectrum of cardiovascular disease, including atherosclerotic coronary artery disease, aortic stenosis, ischemic stroke, and peripheral vascular disease. This review aims to: examine the evolving therapeutic landscape for Lp(a), concisely summarize results ",https://pubmed.ncbi.nlm.nih.gov/42234287/,PubMed
"Modeling the role of urokinase-type plasminogen activator, uPA, and circulating cancer-associated fibroblasts (cCAFs) in breast cancer cell extravasation.","Spartz Angela, Schmidt Susan, Mohamed Fazila",Clinical & experimental metastasis,2026-06-04,"Circulating Cancer-Associated Fibroblasts (cCAFs) have been identified in circulating tumor cell clusters from all stages of disease progression in breast cancer patients. We have shown that CAFs promote lung metastases in the mouse tail vein model when they are clustered with triple negative breast cancer (TNBC) MDA-MB231 cells. Following on this observation, we saw that MDA-MB231-luciferase labe",https://pubmed.ncbi.nlm.nih.gov/42234219/,PubMed
